PRAGMA foreign_keys=OFF;
BEGIN TRANSACTION;
CREATE TABLE IF NOT EXISTS "django_migrations" ("id" integer NOT NULL PRIMARY KEY AUTOINCREMENT, "app" varchar(255) NOT NULL, "name" varchar(255) NOT NULL, "applied" datetime NOT NULL);
INSERT INTO django_migrations VALUES(1,'contenttypes','0001_initial','2018-05-21 00:54:50.970603');
INSERT INTO django_migrations VALUES(2,'contenttypes','0002_remove_content_type_name','2018-05-21 00:54:50.980811');
INSERT INTO django_migrations VALUES(3,'auth','0001_initial','2018-05-21 00:54:51.000836');
INSERT INTO django_migrations VALUES(4,'auth','0002_alter_permission_name_max_length','2018-05-21 00:54:51.012983');
INSERT INTO django_migrations VALUES(5,'auth','0003_alter_user_email_max_length','2018-05-21 00:54:51.023569');
INSERT INTO django_migrations VALUES(6,'auth','0004_alter_user_username_opts','2018-05-21 00:54:51.034738');
INSERT INTO django_migrations VALUES(7,'auth','0005_alter_user_last_login_null','2018-05-21 00:54:51.048113');
INSERT INTO django_migrations VALUES(8,'auth','0006_require_contenttypes_0002','2018-05-21 00:54:51.049874');
INSERT INTO django_migrations VALUES(9,'word','0001_initial','2018-05-21 00:54:51.165552');
INSERT INTO django_migrations VALUES(10,'admin','0001_initial','2018-05-21 00:54:51.180588');
INSERT INTO django_migrations VALUES(11,'sessions','0001_initial','2018-05-21 00:54:51.191238');
INSERT INTO django_migrations VALUES(12,'word','0002_auto_20180628_0007','2018-06-27 16:07:42.980483');
INSERT INTO django_migrations VALUES(13,'word','0003_auto_20180628_1528','2018-06-28 07:28:54.706341');
INSERT INTO django_migrations VALUES(14,'word','0004_auto_20180628_2126','2018-06-28 13:26:37.105254');
INSERT INTO django_migrations VALUES(15,'word','0005_auto_20180629_0045','2018-06-28 16:45:06.099317');
INSERT INTO django_migrations VALUES(16,'word','0006_auto_20180629_1310','2018-06-29 05:10:29.020879');
INSERT INTO django_migrations VALUES(17,'word','0007_auto_20180629_1414','2018-06-29 06:14:50.398404');
INSERT INTO django_migrations VALUES(18,'word','0008_test','2018-06-30 15:45:55.803078');
INSERT INTO django_migrations VALUES(19,'word','0009_test_complete','2018-06-30 15:51:29.007773');
INSERT INTO django_migrations VALUES(20,'word','0010_auto_20180630_2354','2018-06-30 15:54:58.074392');
INSERT INTO django_migrations VALUES(21,'word','0011_auto_20180701_0017','2018-06-30 16:17:45.747875');
INSERT INTO django_migrations VALUES(22,'word','0012_auto_20180701_1325','2018-07-01 05:25:45.257088');
CREATE TABLE IF NOT EXISTS "django_content_type" ("id" integer NOT NULL PRIMARY KEY AUTOINCREMENT, "app_label" varchar(100) NOT NULL, "model" varchar(100) NOT NULL, UNIQUE ("app_label", "model"));
INSERT INTO django_content_type VALUES(1,'admin','logentry');
INSERT INTO django_content_type VALUES(2,'auth','permission');
INSERT INTO django_content_type VALUES(3,'auth','group');
INSERT INTO django_content_type VALUES(4,'contenttypes','contenttype');
INSERT INTO django_content_type VALUES(5,'sessions','session');
INSERT INTO django_content_type VALUES(6,'word','userprofile');
INSERT INTO django_content_type VALUES(7,'word','word');
INSERT INTO django_content_type VALUES(8,'word','wordset');
INSERT INTO django_content_type VALUES(9,'word','learn');
INSERT INTO django_content_type VALUES(10,'word','example');
INSERT INTO django_content_type VALUES(11,'word','paraphrase');
INSERT INTO django_content_type VALUES(12,'word','todaytask');
INSERT INTO django_content_type VALUES(13,'word','test');
CREATE TABLE IF NOT EXISTS "auth_group" ("id" integer NOT NULL PRIMARY KEY AUTOINCREMENT, "name" varchar(80) NOT NULL UNIQUE);
CREATE TABLE IF NOT EXISTS "auth_group_permissions" ("id" integer NOT NULL PRIMARY KEY AUTOINCREMENT, "group_id" integer NOT NULL REFERENCES "auth_group" ("id"), "permission_id" integer NOT NULL REFERENCES "auth_permission" ("id"), UNIQUE ("group_id", "permission_id"));
CREATE TABLE IF NOT EXISTS "auth_permission" ("id" integer NOT NULL PRIMARY KEY AUTOINCREMENT, "content_type_id" integer NOT NULL REFERENCES "django_content_type" ("id"), "codename" varchar(100) NOT NULL, "name" varchar(255) NOT NULL, UNIQUE ("content_type_id", "codename"));
INSERT INTO auth_permission VALUES(1,1,'add_logentry','Can add log entry');
INSERT INTO auth_permission VALUES(2,1,'change_logentry','Can change log entry');
INSERT INTO auth_permission VALUES(3,1,'delete_logentry','Can delete log entry');
INSERT INTO auth_permission VALUES(4,2,'add_permission','Can add permission');
INSERT INTO auth_permission VALUES(5,2,'change_permission','Can change permission');
INSERT INTO auth_permission VALUES(6,2,'delete_permission','Can delete permission');
INSERT INTO auth_permission VALUES(7,3,'add_group','Can add group');
INSERT INTO auth_permission VALUES(8,3,'change_group','Can change group');
INSERT INTO auth_permission VALUES(9,3,'delete_group','Can delete group');
INSERT INTO auth_permission VALUES(10,4,'add_contenttype','Can add content type');
INSERT INTO auth_permission VALUES(11,4,'change_contenttype','Can change content type');
INSERT INTO auth_permission VALUES(12,4,'delete_contenttype','Can delete content type');
INSERT INTO auth_permission VALUES(13,5,'add_session','Can add session');
INSERT INTO auth_permission VALUES(14,5,'change_session','Can change session');
INSERT INTO auth_permission VALUES(15,5,'delete_session','Can delete session');
INSERT INTO auth_permission VALUES(16,6,'add_userprofile','Can add user');
INSERT INTO auth_permission VALUES(17,6,'change_userprofile','Can change user');
INSERT INTO auth_permission VALUES(18,6,'delete_userprofile','Can delete user');
INSERT INTO auth_permission VALUES(19,7,'add_word','Can add word');
INSERT INTO auth_permission VALUES(20,7,'change_word','Can change word');
INSERT INTO auth_permission VALUES(21,7,'delete_word','Can delete word');
INSERT INTO auth_permission VALUES(22,8,'add_wordset','Can add word set');
INSERT INTO auth_permission VALUES(23,8,'change_wordset','Can change word set');
INSERT INTO auth_permission VALUES(24,8,'delete_wordset','Can delete word set');
INSERT INTO auth_permission VALUES(25,9,'add_learn','Can add learn');
INSERT INTO auth_permission VALUES(26,9,'change_learn','Can change learn');
INSERT INTO auth_permission VALUES(27,9,'delete_learn','Can delete learn');
INSERT INTO auth_permission VALUES(28,10,'add_example','Can add example');
INSERT INTO auth_permission VALUES(29,10,'change_example','Can change example');
INSERT INTO auth_permission VALUES(30,10,'delete_example','Can delete example');
INSERT INTO auth_permission VALUES(31,11,'add_paraphrase','Can add paraphrase');
INSERT INTO auth_permission VALUES(32,11,'change_paraphrase','Can change paraphrase');
INSERT INTO auth_permission VALUES(33,11,'delete_paraphrase','Can delete paraphrase');
INSERT INTO auth_permission VALUES(34,12,'add_todaytask','Can add today task');
INSERT INTO auth_permission VALUES(35,12,'change_todaytask','Can change today task');
INSERT INTO auth_permission VALUES(36,12,'delete_todaytask','Can delete today task');
INSERT INTO auth_permission VALUES(37,13,'add_test','Can add test');
INSERT INTO auth_permission VALUES(38,13,'change_test','Can change test');
INSERT INTO auth_permission VALUES(39,13,'delete_test','Can delete test');
CREATE TABLE IF NOT EXISTS "word_userprofile_groups" ("id" integer NOT NULL PRIMARY KEY AUTOINCREMENT, "userprofile_id" integer NOT NULL REFERENCES "word_userprofile" ("id"), "group_id" integer NOT NULL REFERENCES "auth_group" ("id"), UNIQUE ("userprofile_id", "group_id"));
CREATE TABLE IF NOT EXISTS "word_wordset" ("id" integer NOT NULL PRIMARY KEY AUTOINCREMENT, "name" varchar(30) NOT NULL, "cover" varchar(100) NOT NULL);
INSERT INTO word_wordset VALUES(4,'托福必备词汇','wordset_cover/set_托福必备词汇/tofel_9FWCyya.jpg');
INSERT INTO word_wordset VALUES(5,'四级词汇','wordset_cover/set_四级词汇/4.jpg');
INSERT INTO word_wordset VALUES(6,'考研词汇','wordset_cover/set_考研词汇/kaoyan_fl02idG.jpg');
CREATE TABLE IF NOT EXISTS "word_wordset_words" ("id" integer NOT NULL PRIMARY KEY AUTOINCREMENT, "wordset_id" integer NOT NULL REFERENCES "word_wordset" ("id"), "word_id" integer NOT NULL REFERENCES "word_word" ("id"), UNIQUE ("wordset_id", "word_id"));
INSERT INTO word_wordset_words VALUES(110,4,1);
INSERT INTO word_wordset_words VALUES(111,4,2);
INSERT INTO word_wordset_words VALUES(112,4,3);
INSERT INTO word_wordset_words VALUES(113,4,4);
INSERT INTO word_wordset_words VALUES(114,4,5);
INSERT INTO word_wordset_words VALUES(115,4,6);
INSERT INTO word_wordset_words VALUES(116,4,7);
INSERT INTO word_wordset_words VALUES(117,4,8);
INSERT INTO word_wordset_words VALUES(118,4,9);
INSERT INTO word_wordset_words VALUES(119,4,10);
INSERT INTO word_wordset_words VALUES(120,4,11);
INSERT INTO word_wordset_words VALUES(121,4,12);
INSERT INTO word_wordset_words VALUES(122,4,13);
INSERT INTO word_wordset_words VALUES(123,4,14);
INSERT INTO word_wordset_words VALUES(124,4,15);
INSERT INTO word_wordset_words VALUES(125,4,16);
INSERT INTO word_wordset_words VALUES(126,4,17);
INSERT INTO word_wordset_words VALUES(127,4,18);
INSERT INTO word_wordset_words VALUES(128,4,19);
INSERT INTO word_wordset_words VALUES(129,4,20);
INSERT INTO word_wordset_words VALUES(130,4,21);
INSERT INTO word_wordset_words VALUES(131,4,22);
INSERT INTO word_wordset_words VALUES(132,4,23);
INSERT INTO word_wordset_words VALUES(133,4,24);
INSERT INTO word_wordset_words VALUES(134,4,25);
INSERT INTO word_wordset_words VALUES(135,4,26);
INSERT INTO word_wordset_words VALUES(136,4,27);
INSERT INTO word_wordset_words VALUES(137,4,28);
INSERT INTO word_wordset_words VALUES(138,4,29);
INSERT INTO word_wordset_words VALUES(139,4,30);
INSERT INTO word_wordset_words VALUES(140,4,31);
INSERT INTO word_wordset_words VALUES(141,4,32);
INSERT INTO word_wordset_words VALUES(142,4,33);
INSERT INTO word_wordset_words VALUES(143,4,34);
INSERT INTO word_wordset_words VALUES(144,4,35);
INSERT INTO word_wordset_words VALUES(145,4,36);
INSERT INTO word_wordset_words VALUES(146,4,37);
INSERT INTO word_wordset_words VALUES(147,4,38);
INSERT INTO word_wordset_words VALUES(148,4,39);
INSERT INTO word_wordset_words VALUES(149,4,40);
INSERT INTO word_wordset_words VALUES(150,4,41);
INSERT INTO word_wordset_words VALUES(151,4,42);
INSERT INTO word_wordset_words VALUES(152,4,43);
INSERT INTO word_wordset_words VALUES(153,4,44);
INSERT INTO word_wordset_words VALUES(154,4,45);
INSERT INTO word_wordset_words VALUES(155,4,46);
INSERT INTO word_wordset_words VALUES(156,4,47);
INSERT INTO word_wordset_words VALUES(157,4,48);
INSERT INTO word_wordset_words VALUES(158,4,49);
INSERT INTO word_wordset_words VALUES(159,4,50);
INSERT INTO word_wordset_words VALUES(160,4,51);
INSERT INTO word_wordset_words VALUES(161,4,52);
INSERT INTO word_wordset_words VALUES(162,4,53);
INSERT INTO word_wordset_words VALUES(163,4,54);
INSERT INTO word_wordset_words VALUES(164,4,55);
INSERT INTO word_wordset_words VALUES(165,4,56);
INSERT INTO word_wordset_words VALUES(166,4,57);
INSERT INTO word_wordset_words VALUES(167,4,58);
INSERT INTO word_wordset_words VALUES(168,4,59);
INSERT INTO word_wordset_words VALUES(169,4,60);
INSERT INTO word_wordset_words VALUES(170,5,9);
INSERT INTO word_wordset_words VALUES(171,5,10);
INSERT INTO word_wordset_words VALUES(172,5,11);
INSERT INTO word_wordset_words VALUES(173,5,12);
INSERT INTO word_wordset_words VALUES(174,5,13);
INSERT INTO word_wordset_words VALUES(175,5,14);
INSERT INTO word_wordset_words VALUES(176,5,15);
INSERT INTO word_wordset_words VALUES(177,5,16);
INSERT INTO word_wordset_words VALUES(178,5,17);
INSERT INTO word_wordset_words VALUES(179,5,18);
INSERT INTO word_wordset_words VALUES(180,5,19);
INSERT INTO word_wordset_words VALUES(181,5,20);
INSERT INTO word_wordset_words VALUES(182,5,21);
INSERT INTO word_wordset_words VALUES(183,5,22);
INSERT INTO word_wordset_words VALUES(184,5,23);
INSERT INTO word_wordset_words VALUES(185,5,24);
INSERT INTO word_wordset_words VALUES(186,5,25);
INSERT INTO word_wordset_words VALUES(187,5,26);
INSERT INTO word_wordset_words VALUES(188,5,27);
INSERT INTO word_wordset_words VALUES(189,5,28);
INSERT INTO word_wordset_words VALUES(190,5,29);
INSERT INTO word_wordset_words VALUES(191,5,30);
INSERT INTO word_wordset_words VALUES(192,5,31);
INSERT INTO word_wordset_words VALUES(193,5,32);
INSERT INTO word_wordset_words VALUES(194,5,33);
INSERT INTO word_wordset_words VALUES(195,5,34);
INSERT INTO word_wordset_words VALUES(196,5,35);
INSERT INTO word_wordset_words VALUES(197,5,36);
INSERT INTO word_wordset_words VALUES(198,5,37);
INSERT INTO word_wordset_words VALUES(199,5,38);
INSERT INTO word_wordset_words VALUES(200,5,39);
INSERT INTO word_wordset_words VALUES(201,5,40);
INSERT INTO word_wordset_words VALUES(202,5,41);
INSERT INTO word_wordset_words VALUES(203,5,42);
INSERT INTO word_wordset_words VALUES(204,5,43);
INSERT INTO word_wordset_words VALUES(205,5,44);
INSERT INTO word_wordset_words VALUES(206,5,45);
INSERT INTO word_wordset_words VALUES(207,5,46);
INSERT INTO word_wordset_words VALUES(208,5,47);
INSERT INTO word_wordset_words VALUES(209,5,48);
INSERT INTO word_wordset_words VALUES(210,5,49);
INSERT INTO word_wordset_words VALUES(211,5,50);
INSERT INTO word_wordset_words VALUES(212,5,51);
INSERT INTO word_wordset_words VALUES(213,5,52);
INSERT INTO word_wordset_words VALUES(214,5,53);
INSERT INTO word_wordset_words VALUES(215,5,54);
INSERT INTO word_wordset_words VALUES(216,5,55);
INSERT INTO word_wordset_words VALUES(217,5,56);
INSERT INTO word_wordset_words VALUES(218,5,57);
INSERT INTO word_wordset_words VALUES(219,5,58);
INSERT INTO word_wordset_words VALUES(220,6,3);
INSERT INTO word_wordset_words VALUES(221,6,4);
INSERT INTO word_wordset_words VALUES(222,6,5);
INSERT INTO word_wordset_words VALUES(223,6,6);
INSERT INTO word_wordset_words VALUES(224,6,7);
INSERT INTO word_wordset_words VALUES(225,6,8);
INSERT INTO word_wordset_words VALUES(226,6,9);
INSERT INTO word_wordset_words VALUES(227,6,10);
INSERT INTO word_wordset_words VALUES(228,6,11);
INSERT INTO word_wordset_words VALUES(229,6,12);
INSERT INTO word_wordset_words VALUES(230,6,13);
INSERT INTO word_wordset_words VALUES(231,6,14);
INSERT INTO word_wordset_words VALUES(232,6,15);
INSERT INTO word_wordset_words VALUES(233,6,16);
INSERT INTO word_wordset_words VALUES(234,6,17);
INSERT INTO word_wordset_words VALUES(235,6,18);
INSERT INTO word_wordset_words VALUES(236,6,19);
INSERT INTO word_wordset_words VALUES(237,6,20);
INSERT INTO word_wordset_words VALUES(238,6,21);
INSERT INTO word_wordset_words VALUES(239,6,22);
INSERT INTO word_wordset_words VALUES(240,6,23);
INSERT INTO word_wordset_words VALUES(241,6,24);
INSERT INTO word_wordset_words VALUES(242,6,25);
INSERT INTO word_wordset_words VALUES(243,6,26);
INSERT INTO word_wordset_words VALUES(244,6,27);
INSERT INTO word_wordset_words VALUES(245,6,28);
INSERT INTO word_wordset_words VALUES(246,6,29);
INSERT INTO word_wordset_words VALUES(247,6,30);
INSERT INTO word_wordset_words VALUES(248,6,31);
INSERT INTO word_wordset_words VALUES(249,6,36);
INSERT INTO word_wordset_words VALUES(250,6,40);
INSERT INTO word_wordset_words VALUES(251,6,41);
INSERT INTO word_wordset_words VALUES(252,6,42);
INSERT INTO word_wordset_words VALUES(253,6,58);
INSERT INTO word_wordset_words VALUES(254,6,59);
INSERT INTO word_wordset_words VALUES(255,6,60);
CREATE TABLE IF NOT EXISTS "word_userprofile_user_permissions" ("id" integer NOT NULL PRIMARY KEY AUTOINCREMENT, "userprofile_id" integer NOT NULL REFERENCES "word_userprofile" ("id"), "permission_id" integer NOT NULL REFERENCES "auth_permission" ("id"), UNIQUE ("userprofile_id", "permission_id"));
CREATE TABLE IF NOT EXISTS "word_learn" ("id" integer NOT NULL PRIMARY KEY AUTOINCREMENT, "familiar_level" integer NOT NULL, "user_id" integer NOT NULL REFERENCES "word_userprofile" ("id"), "word_id" integer NOT NULL REFERENCES "word_word" ("id"), UNIQUE ("user_id", "word_id"));
INSERT INTO word_learn VALUES(25,2,6,7);
INSERT INTO word_learn VALUES(26,1,6,8);
INSERT INTO word_learn VALUES(27,1,6,9);
INSERT INTO word_learn VALUES(28,5,6,10);
INSERT INTO word_learn VALUES(29,5,6,11);
INSERT INTO word_learn VALUES(30,0,6,12);
INSERT INTO word_learn VALUES(31,0,6,13);
INSERT INTO word_learn VALUES(32,5,6,14);
INSERT INTO word_learn VALUES(33,5,6,15);
INSERT INTO word_learn VALUES(34,0,6,16);
INSERT INTO word_learn VALUES(35,0,6,17);
INSERT INTO word_learn VALUES(36,5,6,18);
INSERT INTO word_learn VALUES(37,0,6,19);
INSERT INTO word_learn VALUES(38,1,6,20);
INSERT INTO word_learn VALUES(39,0,6,21);
INSERT INTO word_learn VALUES(40,0,6,22);
INSERT INTO word_learn VALUES(41,1,6,23);
INSERT INTO word_learn VALUES(42,0,6,24);
INSERT INTO word_learn VALUES(43,0,6,25);
INSERT INTO word_learn VALUES(44,0,6,26);
INSERT INTO word_learn VALUES(45,0,6,27);
INSERT INTO word_learn VALUES(46,5,6,28);
INSERT INTO word_learn VALUES(47,0,6,29);
INSERT INTO word_learn VALUES(48,2,6,30);
INSERT INTO word_learn VALUES(49,1,6,31);
INSERT INTO word_learn VALUES(50,0,6,32);
INSERT INTO word_learn VALUES(51,5,6,33);
INSERT INTO word_learn VALUES(52,5,6,34);
INSERT INTO word_learn VALUES(53,1,6,35);
INSERT INTO word_learn VALUES(54,1,6,36);
INSERT INTO word_learn VALUES(55,5,6,37);
INSERT INTO word_learn VALUES(56,1,6,38);
INSERT INTO word_learn VALUES(57,0,6,39);
INSERT INTO word_learn VALUES(58,5,6,40);
INSERT INTO word_learn VALUES(59,5,6,41);
INSERT INTO word_learn VALUES(60,0,6,42);
INSERT INTO word_learn VALUES(61,0,6,43);
INSERT INTO word_learn VALUES(62,0,6,44);
INSERT INTO word_learn VALUES(63,5,6,45);
INSERT INTO word_learn VALUES(64,0,6,46);
INSERT INTO word_learn VALUES(65,5,6,47);
INSERT INTO word_learn VALUES(66,5,6,48);
INSERT INTO word_learn VALUES(67,0,6,49);
INSERT INTO word_learn VALUES(68,1,6,50);
INSERT INTO word_learn VALUES(69,1,6,51);
INSERT INTO word_learn VALUES(70,5,6,52);
INSERT INTO word_learn VALUES(71,0,6,53);
INSERT INTO word_learn VALUES(72,5,6,54);
INSERT INTO word_learn VALUES(73,5,6,55);
INSERT INTO word_learn VALUES(74,0,6,56);
INSERT INTO word_learn VALUES(75,0,6,57);
INSERT INTO word_learn VALUES(76,0,6,58);
INSERT INTO word_learn VALUES(77,5,6,59);
INSERT INTO word_learn VALUES(78,5,6,60);
INSERT INTO word_learn VALUES(86,0,6,3);
INSERT INTO word_learn VALUES(87,0,6,4);
INSERT INTO word_learn VALUES(88,0,6,5);
INSERT INTO word_learn VALUES(89,1,6,6);
INSERT INTO word_learn VALUES(90,0,6,1);
INSERT INTO word_learn VALUES(91,2,6,2);
CREATE TABLE IF NOT EXISTS "django_admin_log" ("id" integer NOT NULL PRIMARY KEY AUTOINCREMENT, "action_time" datetime NOT NULL, "object_id" text NULL, "object_repr" varchar(200) NOT NULL, "action_flag" smallint unsigned NOT NULL, "change_message" text NOT NULL, "content_type_id" integer NULL REFERENCES "django_content_type" ("id"), "user_id" integer NOT NULL REFERENCES "word_userprofile" ("id"));
INSERT INTO django_admin_log VALUES(149,'2018-07-01 05:31:45.031308','7','inhabit',1,'',7,6);
INSERT INTO django_admin_log VALUES(150,'2018-07-01 05:31:49.163687','6','kathyf',2,'已修改 last_login 和 my_words 。',6,6);
INSERT INTO django_admin_log VALUES(151,'2018-07-01 05:32:02.124197','19','Learn object',1,'',9,6);
INSERT INTO django_admin_log VALUES(152,'2018-07-01 05:32:21.390793','19','Learn object',3,'',9,6);
INSERT INTO django_admin_log VALUES(153,'2018-07-01 08:09:05.125678','2','a.m.abbr. (ante meridiem的缩写)上午,午前',2,'[]',11,6);
INSERT INTO django_admin_log VALUES(154,'2018-07-01 08:09:40.877630','2','a.m.abbr. (ante meridiem的缩写)上午,午前',2,'[]',11,6);
INSERT INTO django_admin_log VALUES(155,'2018-07-01 08:10:02.056251','4','abacusn. 算盘',2,'[]',11,6);
INSERT INTO django_admin_log VALUES(156,'2018-07-01 08:10:16.411822','5','abandonv. 放弃,遗弃,',2,'[]',11,6);
INSERT INTO django_admin_log VALUES(157,'2018-07-01 08:10:29.163915','5','abandonv. 放弃,遗弃,',2,'[]',11,6);
INSERT INTO django_admin_log VALUES(158,'2018-07-01 08:10:36.514987','7','abatementn. 减少,减轻,缓和.',2,'[]',11,6);
INSERT INTO django_admin_log VALUES(159,'2018-07-01 08:10:45.876258','8','abbreviatev. 缩写,使...简略.',2,'[]',11,6);
INSERT INTO django_admin_log VALUES(160,'2018-07-01 08:10:56.456102','9','abbreviationn. 缩写',2,'[]',11,6);
INSERT INTO django_admin_log VALUES(161,'2018-07-01 08:11:06.919685','10','ABCn. 基本要素,字母表',2,'[]',11,6);
INSERT INTO django_admin_log VALUES(162,'2018-07-01 08:11:32.728427','11','abdomenn. 腹部',2,'[]',11,6);
INSERT INTO django_admin_log VALUES(163,'2018-07-01 08:11:53.651968','11','abdomenn. 腹部',2,'[]',11,6);
INSERT INTO django_admin_log VALUES(164,'2018-07-01 08:12:08.216590','12','abdominala. 腹部的',2,'[]',11,6);
INSERT INTO django_admin_log VALUES(165,'2018-07-01 08:12:28.351926','12','abenda. 腹部的',2,'[{"changed": {"fields": ["word"]}}]',11,6);
INSERT INTO django_admin_log VALUES(166,'2018-07-01 08:12:38.172627','12','abidea. 腹部的',2,'[{"changed": {"fields": ["word"]}}]',11,6);
INSERT INTO django_admin_log VALUES(167,'2018-07-01 08:13:16.239993','15','abidev. 居留',2,'[]',11,6);
INSERT INTO django_admin_log VALUES(168,'2018-07-01 08:13:29.286839','16','abilityn. 才能,能力',2,'[]',11,6);
INSERT INTO django_admin_log VALUES(169,'2018-07-01 08:13:40.575988','17','ablea. 能干的,有能力的',2,'[]',11,6);
INSERT INTO django_admin_log VALUES(170,'2018-07-01 08:13:58.123877','18','abnormala. 反常的,不正常的,不规则的',2,'[]',11,6);
INSERT INTO django_admin_log VALUES(171,'2018-07-01 08:14:52.570914','13','abendv. 异常结束',2,'[]',11,6);
INSERT INTO django_admin_log VALUES(172,'2018-07-01 08:15:06.251944','14','abidev. 遵守,忍受',2,'[]',11,6);
INSERT INTO django_admin_log VALUES(173,'2018-07-01 08:15:43.016436','67','accidentallyad. 偶然地,意外地',2,'[]',11,6);
INSERT INTO django_admin_log VALUES(174,'2018-07-01 08:15:48.261946','66','accidentala. 意外的,偶然的.',2,'[]',11,6);
INSERT INTO django_admin_log VALUES(175,'2018-07-01 08:15:53.202142','65','accidentn. 事故,意外的事.',2,'[]',11,6);
INSERT INTO django_admin_log VALUES(176,'2018-07-01 08:16:00.057508','64','accessorya. 附属的(副的,辅助的).',2,'[]',11,6);
INSERT INTO django_admin_log VALUES(177,'2018-07-01 08:16:05.340533','63','accessiblea. 可得到的,易接近的,可进入的.',2,'[]',11,6);
INSERT INTO django_admin_log VALUES(178,'2018-07-01 08:16:12.747008','62','accessn. 通路,进入,使用之权',2,'[]',11,6);
INSERT INTO django_admin_log VALUES(179,'2018-07-01 08:16:23.112285','61','acceptancen. 接受,容纳,承诺,验证.',2,'[]',11,6);
INSERT INTO django_admin_log VALUES(180,'2018-07-01 08:16:29.502946','60','acceptablea. 合意的,受欢迎的,可接受的',2,'[]',11,6);
INSERT INTO django_admin_log VALUES(181,'2018-07-01 08:16:36.828038','59','acceptvt.接受,同意,承担(责任等)',2,'[]',11,6);
INSERT INTO django_admin_log VALUES(182,'2018-07-01 08:16:46.369924','58','accentuatev. 以重音念,强调,重读',2,'[]',11,6);
INSERT INTO django_admin_log VALUES(183,'2018-07-01 08:16:57.422749','57','accentn. 重音,口音',2,'[]',11,6);
INSERT INTO django_admin_log VALUES(184,'2018-07-01 08:17:16.558214','56','acceleratorn. . 加速者,加速器,油门',2,'[]',11,6);
INSERT INTO django_admin_log VALUES(185,'2018-07-01 08:17:26.856049','55','accelerationn. 加速,促进,加速度',2,'[]',11,6);
INSERT INTO django_admin_log VALUES(186,'2018-07-01 08:17:37.938109','54','acceleratev. 加速',2,'[]',11,6);
INSERT INTO django_admin_log VALUES(187,'2018-07-01 08:18:14.405911','53','academyn. 学院,学术,学会',2,'[]',11,6);
INSERT INTO django_admin_log VALUES(188,'2018-07-01 08:18:28.229708','52','academica. 学院的,理论的,学术性的',2,'[]',11,6);
INSERT INTO django_admin_log VALUES(189,'2018-07-01 08:18:41.987020','51','abusen. 滥用,恶习',2,'[]',11,6);
INSERT INTO django_admin_log VALUES(190,'2018-07-01 08:19:13.686252','50','abundanta. 丰富的,充裕的',2,'[]',11,6);
INSERT INTO django_admin_log VALUES(191,'2018-07-01 08:19:56.263768','49','abundancen. 丰富,充裕',2,'[]',11,6);
INSERT INTO django_admin_log VALUES(192,'2018-07-01 08:20:11.935051','48','absurda. 荒唐的.',2,'[]',11,6);
INSERT INTO django_admin_log VALUES(193,'2018-07-01 08:20:26.373159','47','abstractn. 摘要.',2,'[]',11,6);
INSERT INTO django_admin_log VALUES(194,'2018-07-01 08:20:45.626364','46','absorptionn. 吸收.',2,'[]',11,6);
INSERT INTO django_admin_log VALUES(195,'2018-07-01 08:21:25.701047','45','absorbv. 吸收,吸引...的注意,使全神贯注',2,'[]',11,6);
INSERT INTO django_admin_log VALUES(196,'2018-07-01 08:21:39.928500','44','absolutelyad. 绝对地,完全地;独立地;确实地',2,'[]',11,6);
INSERT INTO django_admin_log VALUES(197,'2018-07-01 08:22:27.858680','43','absolutea. 绝对的,完全的',2,'[]',11,6);
INSERT INTO django_admin_log VALUES(198,'2018-07-01 08:23:55.207551','42','absentmindeda. 心不在焉的,茫然的,恍惚的',2,'[]',11,6);
INSERT INTO django_admin_log VALUES(199,'2018-07-01 08:24:10.066994','41','absenta. 缺席的.',2,'[]',11,6);
INSERT INTO django_admin_log VALUES(200,'2018-07-01 08:24:32.336641','40','absencea. 不在,缺席.',2,'[]',11,6);
INSERT INTO django_admin_log VALUES(201,'2018-07-01 08:25:16.156680','39','abscessn. 脓疮,溃疡',2,'[]',11,6);
INSERT INTO django_admin_log VALUES(202,'2018-07-01 08:25:39.342840','38','abruptionn. 中断,分离',2,'[]',11,6);
INSERT INTO django_admin_log VALUES(203,'2018-07-01 08:26:08.654531','37','abrupta. 突然的,唐突的',2,'[]',11,6);
INSERT INTO django_admin_log VALUES(204,'2018-07-01 08:26:32.728022','36','abroada. 在国外,海外(一般作表语).',2,'[]',11,6);
INSERT INTO django_admin_log VALUES(205,'2018-07-01 08:27:02.347577','35','abridgementn. 节略,缩写',2,'[]',11,6);
INSERT INTO django_admin_log VALUES(206,'2018-07-01 08:27:35.915767','34','abridgev. 删节,缩短',2,'[]',11,6);
INSERT INTO django_admin_log VALUES(207,'2018-07-01 08:28:08.419741','33','abrasiven. 研磨剂',2,'[]',11,6);
INSERT INTO django_admin_log VALUES(208,'2018-07-01 08:28:55.243396','12','abidea. 腹部的',2,'[]',11,6);
INSERT INTO django_admin_log VALUES(209,'2018-07-01 08:29:46.756945','19','aboardad. 在船上,在火车上,在飞机上',2,'[]',11,6);
INSERT INTO django_admin_log VALUES(210,'2018-07-01 08:29:58.551345','20','abolishv. 废止,革除',2,'[]',11,6);
INSERT INTO django_admin_log VALUES(211,'2018-07-01 08:30:08.944480','21','aboriginala. 原始的,土著的.',2,'[]',11,6);
INSERT INTO django_admin_log VALUES(212,'2018-07-01 08:30:20.120643','22','abortv. 流产,打胎,堕胎',2,'[]',11,6);
INSERT INTO django_admin_log VALUES(213,'2018-07-01 08:30:32.351333','23','abortionn. 流产,堕胎',2,'[]',11,6);
INSERT INTO django_admin_log VALUES(214,'2018-07-01 08:30:43.381204','24','aboundv. 富于,充满',2,'[]',11,6);
INSERT INTO django_admin_log VALUES(215,'2018-07-01 08:30:57.901931','25','abouta. 准备',2,'[]',11,6);
INSERT INTO django_admin_log VALUES(216,'2018-07-01 08:31:10.255219','26','aboutad. 大约',2,'[]',11,6);
INSERT INTO django_admin_log VALUES(217,'2018-07-01 08:31:31.992338','28','abovead. 在上面',2,'[]',11,6);
INSERT INTO django_admin_log VALUES(218,'2018-07-01 08:32:00.981090','29','aboven. 上面.',2,'[]',11,6);
INSERT INTO django_admin_log VALUES(219,'2018-07-01 08:32:18.564596','28','abovead. 在上面',2,'[]',11,6);
INSERT INTO django_admin_log VALUES(220,'2018-07-01 08:32:30.005057','29','aboven. 上面.',2,'[]',11,6);
INSERT INTO django_admin_log VALUES(221,'2018-07-01 08:32:50.157559','30','aboveprep. 在...上面.',2,'[]',11,6);
INSERT INTO django_admin_log VALUES(222,'2018-07-01 08:33:16.044108','31','aboveboarda./ad. 光明正大的,率直的',2,'[]',11,6);
INSERT INTO django_admin_log VALUES(223,'2018-07-01 08:33:28.302173','32','abrasionn. 磨减,磨损,磨损之处.',2,'[]',11,6);
INSERT INTO django_admin_log VALUES(224,'2018-07-01 08:34:48.364000','30','kathyf/abbreviation/2018-07-01',3,'',12,6);
INSERT INTO django_admin_log VALUES(225,'2018-07-01 08:35:17.747745','6','kathyf',2,'[{"changed": {"fields": ["last_login"]}}]',6,6);
INSERT INTO django_admin_log VALUES(226,'2018-07-01 08:55:19.859573','1','Aa.一,一个,一只,一件.',2,'已修改 examples 。',11,6);
INSERT INTO django_admin_log VALUES(227,'2018-07-01 08:55:37.096345','6','kathyf',2,'已修改 last_login 和 my_words 。',6,6);
INSERT INTO django_admin_log VALUES(228,'2018-07-01 08:58:44.516773','6','kathyf',2,'没有字段被修改。',6,6);
INSERT INTO django_admin_log VALUES(229,'2018-07-01 09:02:58.190659','33','kathyf/A/2018-07-01',3,'',12,6);
INSERT INTO django_admin_log VALUES(230,'2018-07-01 09:02:58.193043','32','kathyf/a.m./2018-07-01',3,'',12,6);
INSERT INTO django_admin_log VALUES(231,'2018-07-01 09:02:58.195391','31','kathyf/abandon/2018-07-01',3,'',12,6);
INSERT INTO django_admin_log VALUES(232,'2018-07-01 09:05:46.069447','4','托福必备词汇',1,'',8,6);
INSERT INTO django_admin_log VALUES(233,'2018-07-01 09:06:19.035258','5','四级词汇',1,'',8,6);
INSERT INTO django_admin_log VALUES(234,'2018-07-01 09:06:47.474204','6','考研词汇',1,'',8,6);
INSERT INTO django_admin_log VALUES(235,'2018-07-01 09:07:06.117205','4','托福必备词汇',2,'已修改 words 。',8,6);
INSERT INTO django_admin_log VALUES(236,'2018-07-01 09:07:17.449718','5','四级词汇',2,'已修改 words 。',8,6);
INSERT INTO django_admin_log VALUES(237,'2018-07-01 09:07:35.908500','6','考研词汇',2,'已修改 words 。',8,6);
INSERT INTO django_admin_log VALUES(238,'2018-07-01 09:09:16.110692','53','kathyf/abound/2018-07-01',3,'',12,6);
INSERT INTO django_admin_log VALUES(239,'2018-07-01 09:09:16.112447','52','kathyf/abbreviation/2018-07-01',3,'',12,6);
INSERT INTO django_admin_log VALUES(240,'2018-07-01 09:09:16.114820','51','kathyf/absurd/2018-07-01',3,'',12,6);
INSERT INTO django_admin_log VALUES(241,'2018-07-01 09:09:16.116685','50','kathyf/accidental/2018-07-01',3,'',12,6);
INSERT INTO django_admin_log VALUES(242,'2018-07-01 09:09:16.118765','49','kathyf/absolute/2018-07-01',3,'',12,6);
INSERT INTO django_admin_log VALUES(243,'2018-07-01 09:09:16.120682','48','kathyf/access/2018-07-01',3,'',12,6);
INSERT INTO django_admin_log VALUES(244,'2018-07-01 09:09:16.122655','47','kathyf/abolish/2018-07-01',3,'',12,6);
INSERT INTO django_admin_log VALUES(245,'2018-07-01 09:09:16.124638','46','kathyf/able/2018-07-01',3,'',12,6);
INSERT INTO django_admin_log VALUES(246,'2018-07-01 09:09:16.126352','45','kathyf/abdominal/2018-07-01',3,'',12,6);
INSERT INTO django_admin_log VALUES(247,'2018-07-01 09:09:16.128017','44','kathyf/absorb/2018-07-01',3,'',12,6);
INSERT INTO django_admin_log VALUES(248,'2018-07-01 09:09:16.130499','43','kathyf/abruption/2018-07-01',3,'',12,6);
INSERT INTO django_admin_log VALUES(249,'2018-07-01 09:09:16.132467','42','kathyf/absence/2018-07-01',3,'',12,6);
INSERT INTO django_admin_log VALUES(250,'2018-07-01 09:09:16.134690','41','kathyf/absentminded/2018-07-01',3,'',12,6);
INSERT INTO django_admin_log VALUES(251,'2018-07-01 09:09:16.137104','40','kathyf/above/2018-07-01',3,'',12,6);
INSERT INTO django_admin_log VALUES(252,'2018-07-01 09:09:16.138754','39','kathyf/abdomen/2018-07-01',3,'',12,6);
INSERT INTO django_admin_log VALUES(253,'2018-07-01 09:09:16.141272','38','kathyf/accept/2018-07-01',3,'',12,6);
INSERT INTO django_admin_log VALUES(254,'2018-07-01 09:09:16.144142','37','kathyf/accessory/2018-07-01',3,'',12,6);
INSERT INTO django_admin_log VALUES(255,'2018-07-01 09:09:16.146182','36','kathyf/accentuate/2018-07-01',3,'',12,6);
INSERT INTO django_admin_log VALUES(256,'2018-07-01 09:09:16.147978','35','kathyf/abandon/2018-07-01',3,'',12,6);
INSERT INTO django_admin_log VALUES(257,'2018-07-01 09:09:16.149807','34','kathyf/ABC/2018-07-01',3,'',12,6);
INSERT INTO django_admin_log VALUES(258,'2018-07-01 09:12:30.188275','68','abdominala. 腹部的',1,'',11,6);
INSERT INTO django_admin_log VALUES(259,'2018-07-01 11:25:35.538826','73','kathyf/access/2018-07-01',3,'',12,6);
INSERT INTO django_admin_log VALUES(260,'2018-07-01 11:25:35.542327','72','kathyf/abstract/2018-07-01',3,'',12,6);
INSERT INTO django_admin_log VALUES(261,'2018-07-01 11:25:35.543773','71','kathyf/acceptance/2018-07-01',3,'',12,6);
INSERT INTO django_admin_log VALUES(262,'2018-07-01 11:25:35.545349','70','kathyf/abnormal/2018-07-01',3,'',12,6);
INSERT INTO django_admin_log VALUES(263,'2018-07-01 11:25:35.547225','69','kathyf/academic/2018-07-01',3,'',12,6);
INSERT INTO django_admin_log VALUES(264,'2018-07-01 11:25:35.549587','68','kathyf/accidental/2018-07-01',3,'',12,6);
INSERT INTO django_admin_log VALUES(265,'2018-07-01 11:25:35.560190','67','kathyf/abdominal/2018-07-01',3,'',12,6);
INSERT INTO django_admin_log VALUES(266,'2018-07-01 11:25:35.563883','66','kathyf/absent/2018-07-01',3,'',12,6);
INSERT INTO django_admin_log VALUES(267,'2018-07-01 11:25:35.566596','65','kathyf/abend/2018-07-01',3,'',12,6);
INSERT INTO django_admin_log VALUES(268,'2018-07-01 11:25:35.569811','64','kathyf/abatement/2018-07-01',3,'',12,6);
INSERT INTO django_admin_log VALUES(269,'2018-07-01 11:25:35.582496','63','kathyf/absence/2018-07-01',3,'',12,6);
INSERT INTO django_admin_log VALUES(270,'2018-07-01 11:25:35.586419','62','kathyf/accelerate/2018-07-01',3,'',12,6);
INSERT INTO django_admin_log VALUES(271,'2018-07-01 11:25:35.588846','61','kathyf/able/2018-07-01',3,'',12,6);
INSERT INTO django_admin_log VALUES(272,'2018-07-01 11:25:35.591773','60','kathyf/accidentally/2018-07-01',3,'',12,6);
INSERT INTO django_admin_log VALUES(273,'2018-07-01 11:25:35.594435','59','kathyf/absolutely/2018-07-01',3,'',12,6);
INSERT INTO django_admin_log VALUES(274,'2018-07-01 11:25:35.596558','58','kathyf/absurd/2018-07-01',3,'',12,6);
INSERT INTO django_admin_log VALUES(275,'2018-07-01 11:25:35.598761','57','kathyf/acceleration/2018-07-01',3,'',12,6);
INSERT INTO django_admin_log VALUES(276,'2018-07-01 11:25:35.600902','56','kathyf/aboriginal/2018-07-01',3,'',12,6);
INSERT INTO django_admin_log VALUES(277,'2018-07-01 11:25:35.604227','55','kathyf/abridgement/2018-07-01',3,'',12,6);
INSERT INTO django_admin_log VALUES(278,'2018-07-01 11:25:35.606907','54','kathyf/accept/2018-07-01',3,'',12,6);
INSERT INTO django_admin_log VALUES(279,'2018-07-01 11:27:03.598172','93','kathyf/abuse/2018-07-01',3,'',12,6);
INSERT INTO django_admin_log VALUES(280,'2018-07-01 11:27:15.269395','94','kathyf/able/2018-07-01',1,'',12,6);
CREATE TABLE IF NOT EXISTS "django_session" ("session_key" varchar(40) NOT NULL PRIMARY KEY, "session_data" text NOT NULL, "expire_date" datetime NOT NULL);
INSERT INTO django_session VALUES('wls2mjbciwyk7y0fjgx7bqejdrpjeb1l','MjBmYzlhYjhlNDljYTVlYmE0ZWQxMzkxNDQ4Y2M4ZGNlNTkyODBlZDp7fQ==','2018-06-04 00:56:36.727487');
INSERT INTO django_session VALUES('w6g4shm55pifrr7md0i6jo6o769q8mng','MjBmYzlhYjhlNDljYTVlYmE0ZWQxMzkxNDQ4Y2M4ZGNlNTkyODBlZDp7fQ==','2018-06-04 00:56:47.473879');
INSERT INTO django_session VALUES('kvwuf9nea9bg5dgs1nyvad36nod00y4p','ODU5ZTE3ZThhNTE5NmM5ZTc0ODRhNTI3NjEzNGZjNzk2MDQ1YTJhODp7Il9hdXRoX3VzZXJfaWQiOiIxIiwiX2F1dGhfdXNlcl9iYWNrZW5kIjoiZGphbmdvLmNvbnRyaWIuYXV0aC5iYWNrZW5kcy5Nb2RlbEJhY2tlbmQiLCJfYXV0aF91c2VyX2hhc2giOiJiNGYzNGM5MjZiMWE1NTVhMTg1NjJjZjE3ZjcyMjBiZWE2MjJlMDcwIn0=','2018-06-04 00:57:40.239970');
INSERT INTO django_session VALUES('c9rhv44zjlsxxyav5fg7d9mf8xe4ox5q','MjBmYzlhYjhlNDljYTVlYmE0ZWQxMzkxNDQ4Y2M4ZGNlNTkyODBlZDp7fQ==','2018-07-12 13:41:15.174719');
INSERT INTO django_session VALUES('5c7uijz24pmav64gsfll5ivhzpkjjmvk','MjBmYzlhYjhlNDljYTVlYmE0ZWQxMzkxNDQ4Y2M4ZGNlNTkyODBlZDp7fQ==','2018-07-12 14:13:38.759791');
INSERT INTO django_session VALUES('0tbhuxdsobwmsdgcg2vbbglanl0u8lzr','ODU5ZTE3ZThhNTE5NmM5ZTc0ODRhNTI3NjEzNGZjNzk2MDQ1YTJhODp7Il9hdXRoX3VzZXJfaWQiOiIxIiwiX2F1dGhfdXNlcl9iYWNrZW5kIjoiZGphbmdvLmNvbnRyaWIuYXV0aC5iYWNrZW5kcy5Nb2RlbEJhY2tlbmQiLCJfYXV0aF91c2VyX2hhc2giOiJiNGYzNGM5MjZiMWE1NTVhMTg1NjJjZjE3ZjcyMjBiZWE2MjJlMDcwIn0=','2018-07-13 04:51:54.706143');
INSERT INTO django_session VALUES('sn8ka3pia5z01iz7zxyszrhprcyxp6gg','ODU5ZTE3ZThhNTE5NmM5ZTc0ODRhNTI3NjEzNGZjNzk2MDQ1YTJhODp7Il9hdXRoX3VzZXJfaWQiOiIxIiwiX2F1dGhfdXNlcl9iYWNrZW5kIjoiZGphbmdvLmNvbnRyaWIuYXV0aC5iYWNrZW5kcy5Nb2RlbEJhY2tlbmQiLCJfYXV0aF91c2VyX2hhc2giOiJiNGYzNGM5MjZiMWE1NTVhMTg1NjJjZjE3ZjcyMjBiZWE2MjJlMDcwIn0=','2018-07-13 07:49:45.683379');
INSERT INTO django_session VALUES('si5645abzx6v7blg8b9e3tfkqik0hc6t','ODU5ZTE3ZThhNTE5NmM5ZTc0ODRhNTI3NjEzNGZjNzk2MDQ1YTJhODp7Il9hdXRoX3VzZXJfaWQiOiIxIiwiX2F1dGhfdXNlcl9iYWNrZW5kIjoiZGphbmdvLmNvbnRyaWIuYXV0aC5iYWNrZW5kcy5Nb2RlbEJhY2tlbmQiLCJfYXV0aF91c2VyX2hhc2giOiJiNGYzNGM5MjZiMWE1NTVhMTg1NjJjZjE3ZjcyMjBiZWE2MjJlMDcwIn0=','2018-07-14 10:41:36.715326');
INSERT INTO django_session VALUES('2j6ojeyhm018aygls88to7oxx2evueym','MjBmYzlhYjhlNDljYTVlYmE0ZWQxMzkxNDQ4Y2M4ZGNlNTkyODBlZDp7fQ==','2018-07-14 11:58:41.995548');
INSERT INTO django_session VALUES('72lel799wv7q16ord4hzpvugs4x8q6sm','MjBmYzlhYjhlNDljYTVlYmE0ZWQxMzkxNDQ4Y2M4ZGNlNTkyODBlZDp7fQ==','2018-07-14 11:58:43.261625');
INSERT INTO django_session VALUES('px8pw9ci4ya03wmzzsfhk1y219joqna8','ODU5ZTE3ZThhNTE5NmM5ZTc0ODRhNTI3NjEzNGZjNzk2MDQ1YTJhODp7Il9hdXRoX3VzZXJfaWQiOiIxIiwiX2F1dGhfdXNlcl9iYWNrZW5kIjoiZGphbmdvLmNvbnRyaWIuYXV0aC5iYWNrZW5kcy5Nb2RlbEJhY2tlbmQiLCJfYXV0aF91c2VyX2hhc2giOiJiNGYzNGM5MjZiMWE1NTVhMTg1NjJjZjE3ZjcyMjBiZWE2MjJlMDcwIn0=','2018-07-14 11:58:46.708144');
INSERT INTO django_session VALUES('wyyxdiyljhdbjxgqyp47xnt5enpziugn','MjBmYzlhYjhlNDljYTVlYmE0ZWQxMzkxNDQ4Y2M4ZGNlNTkyODBlZDp7fQ==','2018-07-14 13:51:17.919191');
INSERT INTO django_session VALUES('rygh5hgvc6xf9uea2x00h1r7hkosi2wc','ZWI4ODE0OGQ5YTBkOTA4MzIzYmYyOGQ4OTFiM2E1MTY3ZDYxNWFkZDp7Il9hdXRoX3VzZXJfaWQiOiI2IiwiX2F1dGhfdXNlcl9iYWNrZW5kIjoiZGphbmdvLmNvbnRyaWIuYXV0aC5iYWNrZW5kcy5Nb2RlbEJhY2tlbmQiLCJfYXV0aF91c2VyX2hhc2giOiI5M2Y0ZjMxNDJhNTViZDM4M2Y1ZDIxNTY1YTllZDUzMDY5N2RmOGVkIn0=','2018-07-15 07:52:58.655966');
INSERT INTO django_session VALUES('8wcu7v8tzke7329m1cdfx7slwz3sdn5m','OWIwY2MyOTJkMGJkNDZhMzNjODEzNDFmNWY1OGRhNTI0MTMyN2E0OTp7Il9hdXRoX3VzZXJfaWQiOiI2IiwiX2F1dGhfdXNlcl9iYWNrZW5kIjoiZGphbmdvLmNvbnRyaWIuYXV0aC5iYWNrZW5kcy5Nb2RlbEJhY2tlbmQiLCJfYXV0aF91c2VyX2hhc2giOiIxMTc1NTJhM2ZiNTA5NmRjNzk1N2MzYTA1OTRjN2YxOTdiOGJkOWNmIn0=','2018-07-15 12:37:46.860404');
CREATE TABLE IF NOT EXISTS "word_example" ("id" integer NOT NULL PRIMARY KEY AUTOINCREMENT, "sentence" varchar(500) NOT NULL, "translation" varchar(500) NOT NULL);
INSERT INTO word_example VALUES(1,'Hello, what''s your name?','你好，你叫什么名字？');
INSERT INTO word_example VALUES(2,'My name is Hanmeimei!','我的名字叫韩梅梅');
INSERT INTO word_example VALUES(3,' It is 8 a.m. now','现在是上午八点');
INSERT INTO word_example VALUES(4,' The clerk reckoned the expenditure last week with an abacus','那位职员用算盘将上周的花销计算出来。');
INSERT INTO word_example VALUES(5,' The cruel man abandoned his wife and child.','那个狠心的男人抛弃了他的妻儿。');
INSERT INTO word_example VALUES(6,' They had abandoned all hope.','他们已经放弃了一切希望。');
INSERT INTO word_example VALUES(7,' A noise abatement notice is served on the club.','向俱乐部发停止大声喧哗的通知。');
INSERT INTO word_example VALUES(8,' In writing, the title Doctor is abbreviated to Dr.','在书写时, Doctor头衔的缩写是Dr.');
INSERT INTO word_example VALUES(9,' Scratch the subject of defence and acronym, abbreviation, and buzzword fly out.','话题触及国防，缩合字，缩写字和行话就满天飞。');
INSERT INTO word_example VALUES(10,' Shipment to be effected on a container liner of ABC Line.','交由ABC班轮公司的集装箱班轮运载。');
INSERT INTO word_example VALUES(11,' He always feels pain in his abdomen.','他的腹部经常疼痛。');
INSERT INTO word_example VALUES(12,' She had abdominal pains yesterday.','她昨天腹痛。');
INSERT INTO word_example VALUES(13,' ABEND crashes do not produce RIP or NSD files.','ABEND崩溃不产生RIP或NSD文件。');
INSERT INTO word_example VALUES(14,' Everyone must abwide by the law.','所有的人都应遵守法律。');
INSERT INTO word_example VALUES(15,' She cant abwide that man.','她不能忍受那个人。');
INSERT INTO word_example VALUES(16,' I dont doubt your ability to do the work.','我不怀疑你有能力担任这项工作。');
INSERT INTO word_example VALUES(17,' He is an able man.','他是一个能人。');
INSERT INTO word_example VALUES(18,' The weather is abnormal this year.','今年的气候不正常。');
INSERT INTO word_example VALUES(19,' Its time to go aboard.','该上船/飞机/车了。');
INSERT INTO word_example VALUES(20,' Abraham Lincoln abolished slavery in the United States.','亚伯拉罕·林肯在美国废除了奴隶制');
INSERT INTO word_example VALUES(21,' An Australian aboriginal dance festival held at night to celebrate tribal victories or other events.','狂欢会澳大利亚土著的一种舞蹈节，在晚上召开以庆祝部落胜利或其他事件');
INSERT INTO word_example VALUES(22,' An aborted organism.','流产的生物体');
INSERT INTO word_example VALUES(23,' Abortion is illegal in this country.','人工流产在这个国家是不合法的。');
INSERT INTO word_example VALUES(24,' Tropical plants abound in the jungle.','丛林中有大量的热带植物。');
INSERT INTO word_example VALUES(25,' He was about to start.','他即将动身。');
INSERT INTO word_example VALUES(26,' It is about history.','这是关于历史方面的。');
INSERT INTO word_example VALUES(27,' The sun rose above the horizon.','太阳升到地平线上。');
INSERT INTO word_example VALUES(28,' My bedroom is just above.','我的卧室就在上面。');
INSERT INTO word_example VALUES(29,' The sun rose above the horizon.','太阳升到地平线上。');
INSERT INTO word_example VALUES(30,' Put it on the shelf above.','把它放到上面的搁板上。');
INSERT INTO word_example VALUES(31,' A person who is aboveboard does nothing underhand. ','明人不做暗事。');
INSERT INTO word_example VALUES(32,' A minor scratch or abrasion.','擦伤一个轻微的擦伤或磨损');
INSERT INTO word_example VALUES(33,' An abrasive or filler used in a soap or detergent.','增清剂肥皂或去污剂中用的研磨剂或填料');
INSERT INTO word_example VALUES(34,' It was abridged from the original work.','这是原书的节录本。');
INSERT INTO word_example VALUES(35,' Beginners are encouraged to read abridgement of David Copperfield because the original is too difficult.','要鼓励初学者去读《大卫.科波菲尔》的缩写本，因为原著太难了。');
INSERT INTO word_example VALUES(36,' He lived abroad for many years.','他在国外居住了许多年。');
INSERT INTO word_example VALUES(37,' The meeting came to an abrupt end.','会议突然结束了。');
INSERT INTO word_example VALUES(38,' Conclusion: Diagnosis and treatment at earliest can decrease the incidence of placental abruption and death rate of perinatal.','结论：对病因进行早期诊断和治疗，可以降低胎盘早剥的发生率和围产儿死亡率。');
INSERT INTO word_example VALUES(39,' The tip of an abscess, a boil, or a pimple, in which pus forms.','脓头中间有脓液的脓疮、疖或丘疹的顶端');
INSERT INTO word_example VALUES(40,' Please look after my house during my absence.','我不在时，请帮我看房子。');
INSERT INTO word_example VALUES(41,' How many students are absent today?','今天有多少学生缺席？');
INSERT INTO word_example VALUES(42,' I looked around to realize that the school had become populated while I would been sitting there, absentminded.','我抬起头看四周，这才发觉在我心不在焉地坐在这里的时候，学校里已经挤满了人。');
INSERT INTO word_example VALUES(43,' We now have the absolute proof of his guilt.','我们现在有他犯罪的确凿证据。');
INSERT INTO word_example VALUES(44,' Im absolutely starving.','我饿极了。');
INSERT INTO word_example VALUES(45,' The clever boy absorbed all the knowledge his teacher could give him.','那个聪明的男孩把他老师所能教他的所有的知识都吸收了。');
INSERT INTO word_example VALUES(46,' A medicine or an agent that induces absorption.','吸收剂导致吸收的药品或药剂');
INSERT INTO word_example VALUES(47,' He has some abstract notion of wanting to change the world.','他有一种要改造世界的空想。');
INSERT INTO word_example VALUES(48,' What an absurd suggestion!','多荒谬的建议啊！');
INSERT INTO word_example VALUES(49,' There was an abundance of corn last year.','去年玉米丰收。');
INSERT INTO word_example VALUES(50,' There is abundant firewood in the forest.','森林里有充裕的薪柴可用。');
INSERT INTO word_example VALUES(51,' Its easy to abuse ones power.','人容易滥用权力。');
INSERT INTO word_example VALUES(52,' The new academic year is coming.','新学年就要来了。');
INSERT INTO word_example VALUES(53,' He is a student in an academy of music.','他是一所音乐学院的学生。');
INSERT INTO word_example VALUES(54,' The car accelerated as it overtook me.','那辆汽车一加速就超越了我.');
INSERT INTO word_example VALUES(55,' A flight garment worn by astronauts and jet pilots that presses on the lower body to maintain the blood supply to the brain during rapwid vertical acceleration.','抗荷衣宇航员或喷气机飞行员穿的飞行服，在快速垂直加速中增加身体下部的压力以保持脑部血液供应');
INSERT INTO word_example VALUES(56,' I pressed the accelerator until the engine screamed.','我猛踩油门踏板，发动机发出了尖利的声音。');
INSERT INTO word_example VALUES(57,' In the word `today the accent is on the second syllable.','today一字的重音在第二个音节上.');
INSERT INTO word_example VALUES(58,' The tight jumper only accentuated his fat stomach.','那件紧身套头毛衣反更突出了他那肥胖的肚子.');
INSERT INTO word_example VALUES(59,' It is generally accepted that smoking is harmful to our health.','吸烟有害健康，这是大家公认的。');
INSERT INTO word_example VALUES(60,' The solution to this problem is acceptable.','这个问题的解决方案是可接受的。');
INSERT INTO word_example VALUES(61,' Within two days I received a letter of acceptance from the manager.','不到两天，我就收到了经理写来的录取信。');
INSERT INTO word_example VALUES(62,' Citizens may have free access to the library.','市民可以免费使用这个图书馆。');
INSERT INTO word_example VALUES(63,' A manager should be accessible to his staff.','一个管理人员应该让职员感到平易近人。');
INSERT INTO word_example VALUES(64,' He asked me to buy him some accessories for a car.','他让我给他买些汽车附件。');
INSERT INTO word_example VALUES(65,' We got back without accident.','我们平安无事地回来了。');
INSERT INTO word_example VALUES(66,' A sequence of events that although accidental seems to have been planned or arranged.','巧合，凑巧虽是偶然的，但似乎是经计划或安排的一系列事件');
INSERT INTO word_example VALUES(67,' Willie accidentally lets off his fathers shotgun and made a hole in the wall.','威利玩他父亲的手枪时不小心走火了, 把墙壁打出一个洞。');
CREATE TABLE IF NOT EXISTS "word_word" ("id" integer NOT NULL PRIMARY KEY AUTOINCREMENT, "text" varchar(50) NOT NULL UNIQUE);
INSERT INTO word_word VALUES(1,'A');
INSERT INTO word_word VALUES(2,'a.m.');
INSERT INTO word_word VALUES(3,'abacus');
INSERT INTO word_word VALUES(4,'abandon');
INSERT INTO word_word VALUES(5,'abatement');
INSERT INTO word_word VALUES(6,'abbreviate');
INSERT INTO word_word VALUES(7,'abbreviation');
INSERT INTO word_word VALUES(8,'ABC');
INSERT INTO word_word VALUES(9,'abdomen');
INSERT INTO word_word VALUES(10,'abdominal');
INSERT INTO word_word VALUES(11,'abend');
INSERT INTO word_word VALUES(12,'abide');
INSERT INTO word_word VALUES(13,'ability');
INSERT INTO word_word VALUES(14,'able');
INSERT INTO word_word VALUES(15,'abnormal');
INSERT INTO word_word VALUES(16,'aboard');
INSERT INTO word_word VALUES(17,'abolish');
INSERT INTO word_word VALUES(18,'aboriginal');
INSERT INTO word_word VALUES(19,'abort');
INSERT INTO word_word VALUES(20,'abortion');
INSERT INTO word_word VALUES(21,'abound');
INSERT INTO word_word VALUES(22,'about');
INSERT INTO word_word VALUES(23,'above');
INSERT INTO word_word VALUES(24,'aboveboard');
INSERT INTO word_word VALUES(25,'abrasion');
INSERT INTO word_word VALUES(26,'abrasive');
INSERT INTO word_word VALUES(27,'abridge');
INSERT INTO word_word VALUES(28,'abridgement');
INSERT INTO word_word VALUES(29,'abroad');
INSERT INTO word_word VALUES(30,'abrupt');
INSERT INTO word_word VALUES(31,'abruption');
INSERT INTO word_word VALUES(32,'abscess');
INSERT INTO word_word VALUES(33,'absence');
INSERT INTO word_word VALUES(34,'absent');
INSERT INTO word_word VALUES(35,'absentminded');
INSERT INTO word_word VALUES(36,'absolute');
INSERT INTO word_word VALUES(37,'absolutely');
INSERT INTO word_word VALUES(38,'absorb');
INSERT INTO word_word VALUES(39,'absorption');
INSERT INTO word_word VALUES(40,'abstract');
INSERT INTO word_word VALUES(41,'absurd');
INSERT INTO word_word VALUES(42,'abundance');
INSERT INTO word_word VALUES(43,'abundant');
INSERT INTO word_word VALUES(44,'abuse');
INSERT INTO word_word VALUES(45,'academic');
INSERT INTO word_word VALUES(46,'academy');
INSERT INTO word_word VALUES(47,'accelerate');
INSERT INTO word_word VALUES(48,'acceleration');
INSERT INTO word_word VALUES(49,'accelerator');
INSERT INTO word_word VALUES(50,'accent');
INSERT INTO word_word VALUES(51,'accentuate');
INSERT INTO word_word VALUES(52,'accept');
INSERT INTO word_word VALUES(53,'acceptable');
INSERT INTO word_word VALUES(54,'acceptance');
INSERT INTO word_word VALUES(55,'access');
INSERT INTO word_word VALUES(56,'accessible');
INSERT INTO word_word VALUES(57,'accessory');
INSERT INTO word_word VALUES(58,'accident');
INSERT INTO word_word VALUES(59,'accidental');
INSERT INTO word_word VALUES(60,'accidentally');
CREATE TABLE IF NOT EXISTS "word_paraphrase" ("id" integer NOT NULL PRIMARY KEY AUTOINCREMENT, "meaning" varchar(50) NOT NULL, "word_id" integer NOT NULL REFERENCES "word_word" ("id"));
INSERT INTO word_paraphrase VALUES(1,'a.一,一个,一只,一件.',1);
INSERT INTO word_paraphrase VALUES(2,'abbr. (ante meridiem的缩写)上午,午前',2);
INSERT INTO word_paraphrase VALUES(3,'ad. 上午,由午夜至中午',2);
INSERT INTO word_paraphrase VALUES(4,'n. 算盘',3);
INSERT INTO word_paraphrase VALUES(5,'v. 放弃,遗弃,',4);
INSERT INTO word_paraphrase VALUES(6,'v. 沉溺.',4);
INSERT INTO word_paraphrase VALUES(7,'n. 减少,减轻,缓和.',5);
INSERT INTO word_paraphrase VALUES(8,'v. 缩写,使...简略.',6);
INSERT INTO word_paraphrase VALUES(9,'n. 缩写',7);
INSERT INTO word_paraphrase VALUES(10,'n. 基本要素,字母表',8);
INSERT INTO word_paraphrase VALUES(11,'n. 腹部',9);
INSERT INTO word_paraphrase VALUES(12,'a. 腹部的',12);
INSERT INTO word_paraphrase VALUES(13,'v. 异常结束',11);
INSERT INTO word_paraphrase VALUES(14,'v. 遵守,忍受',12);
INSERT INTO word_paraphrase VALUES(15,'v. 居留',12);
INSERT INTO word_paraphrase VALUES(16,'n. 才能,能力',13);
INSERT INTO word_paraphrase VALUES(17,'a. 能干的,有能力的',14);
INSERT INTO word_paraphrase VALUES(18,'a. 反常的,不正常的,不规则的',15);
INSERT INTO word_paraphrase VALUES(19,'ad. 在船上,在火车上,在飞机上',16);
INSERT INTO word_paraphrase VALUES(20,'v. 废止,革除',17);
INSERT INTO word_paraphrase VALUES(21,'a. 原始的,土著的.',18);
INSERT INTO word_paraphrase VALUES(22,'v. 流产,打胎,堕胎',19);
INSERT INTO word_paraphrase VALUES(23,'n. 流产,堕胎',20);
INSERT INTO word_paraphrase VALUES(24,'v. 富于,充满',21);
INSERT INTO word_paraphrase VALUES(25,'a. 准备',22);
INSERT INTO word_paraphrase VALUES(26,'ad. 大约',22);
INSERT INTO word_paraphrase VALUES(27,'prep. 关于',22);
INSERT INTO word_paraphrase VALUES(28,'ad. 在上面',23);
INSERT INTO word_paraphrase VALUES(29,'n. 上面.',23);
INSERT INTO word_paraphrase VALUES(30,'prep. 在...上面.',23);
INSERT INTO word_paraphrase VALUES(31,'a./ad. 光明正大的,率直的',24);
INSERT INTO word_paraphrase VALUES(32,'n. 磨减,磨损,磨损之处.',25);
INSERT INTO word_paraphrase VALUES(33,'n. 研磨剂',26);
INSERT INTO word_paraphrase VALUES(34,'v. 删节,缩短',27);
INSERT INTO word_paraphrase VALUES(35,'n. 节略,缩写',28);
INSERT INTO word_paraphrase VALUES(36,'a. 在国外,海外(一般作表语).',29);
INSERT INTO word_paraphrase VALUES(37,'a. 突然的,唐突的',30);
INSERT INTO word_paraphrase VALUES(38,'n. 中断,分离',31);
INSERT INTO word_paraphrase VALUES(39,'n. 脓疮,溃疡',32);
INSERT INTO word_paraphrase VALUES(40,'a. 不在,缺席.',33);
INSERT INTO word_paraphrase VALUES(41,'a. 缺席的.',34);
INSERT INTO word_paraphrase VALUES(42,'a. 心不在焉的,茫然的,恍惚的',35);
INSERT INTO word_paraphrase VALUES(43,'a. 绝对的,完全的',36);
INSERT INTO word_paraphrase VALUES(44,'ad. 绝对地,完全地;独立地;确实地',37);
INSERT INTO word_paraphrase VALUES(45,'v. 吸收,吸引...的注意,使全神贯注',38);
INSERT INTO word_paraphrase VALUES(46,'n. 吸收.',39);
INSERT INTO word_paraphrase VALUES(47,'n. 摘要.',40);
INSERT INTO word_paraphrase VALUES(48,'a. 荒唐的.',41);
INSERT INTO word_paraphrase VALUES(49,'n. 丰富,充裕',42);
INSERT INTO word_paraphrase VALUES(50,'a. 丰富的,充裕的',43);
INSERT INTO word_paraphrase VALUES(51,'n. 滥用,恶习',44);
INSERT INTO word_paraphrase VALUES(52,'a. 学院的,理论的,学术性的',45);
INSERT INTO word_paraphrase VALUES(53,'n. 学院,学术,学会',46);
INSERT INTO word_paraphrase VALUES(54,'v. 加速',47);
INSERT INTO word_paraphrase VALUES(55,'n. 加速,促进,加速度',48);
INSERT INTO word_paraphrase VALUES(56,'n. . 加速者,加速器,油门',49);
INSERT INTO word_paraphrase VALUES(57,'n. 重音,口音',50);
INSERT INTO word_paraphrase VALUES(58,'v. 以重音念,强调,重读',51);
INSERT INTO word_paraphrase VALUES(59,'vt.接受,同意,承担(责任等)',52);
INSERT INTO word_paraphrase VALUES(60,'a. 合意的,受欢迎的,可接受的',53);
INSERT INTO word_paraphrase VALUES(61,'n. 接受,容纳,承诺,验证.',54);
INSERT INTO word_paraphrase VALUES(62,'n. 通路,进入,使用之权',55);
INSERT INTO word_paraphrase VALUES(63,'a. 可得到的,易接近的,可进入的.',56);
INSERT INTO word_paraphrase VALUES(64,'a. 附属的(副的,辅助的).',57);
INSERT INTO word_paraphrase VALUES(65,'n. 事故,意外的事.',58);
INSERT INTO word_paraphrase VALUES(66,'a. 意外的,偶然的.',59);
INSERT INTO word_paraphrase VALUES(67,'ad. 偶然地,意外地',60);
INSERT INTO word_paraphrase VALUES(68,'a. 腹部的',10);
CREATE TABLE IF NOT EXISTS "word_userprofile_my_words" ("id" integer NOT NULL PRIMARY KEY AUTOINCREMENT, "userprofile_id" integer NOT NULL REFERENCES "word_userprofile" ("id"), "word_id" integer NOT NULL REFERENCES "word_word" ("id"), UNIQUE ("userprofile_id", "word_id"));
INSERT INTO word_userprofile_my_words VALUES(218,6,7);
INSERT INTO word_userprofile_my_words VALUES(219,6,8);
INSERT INTO word_userprofile_my_words VALUES(220,6,9);
INSERT INTO word_userprofile_my_words VALUES(221,6,10);
INSERT INTO word_userprofile_my_words VALUES(222,6,11);
INSERT INTO word_userprofile_my_words VALUES(223,6,12);
INSERT INTO word_userprofile_my_words VALUES(224,6,13);
INSERT INTO word_userprofile_my_words VALUES(225,6,14);
INSERT INTO word_userprofile_my_words VALUES(226,6,15);
INSERT INTO word_userprofile_my_words VALUES(227,6,16);
INSERT INTO word_userprofile_my_words VALUES(228,6,17);
INSERT INTO word_userprofile_my_words VALUES(229,6,18);
INSERT INTO word_userprofile_my_words VALUES(230,6,19);
INSERT INTO word_userprofile_my_words VALUES(231,6,20);
INSERT INTO word_userprofile_my_words VALUES(232,6,21);
INSERT INTO word_userprofile_my_words VALUES(233,6,22);
INSERT INTO word_userprofile_my_words VALUES(234,6,23);
INSERT INTO word_userprofile_my_words VALUES(235,6,24);
INSERT INTO word_userprofile_my_words VALUES(236,6,25);
INSERT INTO word_userprofile_my_words VALUES(237,6,26);
INSERT INTO word_userprofile_my_words VALUES(238,6,27);
INSERT INTO word_userprofile_my_words VALUES(239,6,28);
INSERT INTO word_userprofile_my_words VALUES(240,6,29);
INSERT INTO word_userprofile_my_words VALUES(241,6,30);
INSERT INTO word_userprofile_my_words VALUES(242,6,31);
INSERT INTO word_userprofile_my_words VALUES(243,6,32);
INSERT INTO word_userprofile_my_words VALUES(244,6,33);
INSERT INTO word_userprofile_my_words VALUES(245,6,34);
INSERT INTO word_userprofile_my_words VALUES(246,6,35);
INSERT INTO word_userprofile_my_words VALUES(247,6,36);
INSERT INTO word_userprofile_my_words VALUES(249,6,38);
INSERT INTO word_userprofile_my_words VALUES(250,6,39);
INSERT INTO word_userprofile_my_words VALUES(251,6,40);
INSERT INTO word_userprofile_my_words VALUES(252,6,41);
INSERT INTO word_userprofile_my_words VALUES(253,6,42);
INSERT INTO word_userprofile_my_words VALUES(254,6,43);
INSERT INTO word_userprofile_my_words VALUES(255,6,44);
INSERT INTO word_userprofile_my_words VALUES(256,6,45);
INSERT INTO word_userprofile_my_words VALUES(257,6,46);
INSERT INTO word_userprofile_my_words VALUES(258,6,47);
INSERT INTO word_userprofile_my_words VALUES(259,6,48);
INSERT INTO word_userprofile_my_words VALUES(260,6,49);
INSERT INTO word_userprofile_my_words VALUES(261,6,50);
INSERT INTO word_userprofile_my_words VALUES(262,6,51);
INSERT INTO word_userprofile_my_words VALUES(263,6,52);
INSERT INTO word_userprofile_my_words VALUES(264,6,53);
INSERT INTO word_userprofile_my_words VALUES(265,6,54);
INSERT INTO word_userprofile_my_words VALUES(266,6,55);
INSERT INTO word_userprofile_my_words VALUES(267,6,56);
INSERT INTO word_userprofile_my_words VALUES(268,6,57);
INSERT INTO word_userprofile_my_words VALUES(269,6,58);
INSERT INTO word_userprofile_my_words VALUES(270,6,59);
INSERT INTO word_userprofile_my_words VALUES(271,6,60);
INSERT INTO word_userprofile_my_words VALUES(273,6,37);
CREATE TABLE IF NOT EXISTS "word_userprofile_word_sets" ("id" integer NOT NULL PRIMARY KEY AUTOINCREMENT, "userprofile_id" integer NOT NULL REFERENCES "word_userprofile" ("id"), "wordset_id" integer NOT NULL REFERENCES "word_wordset" ("id"), UNIQUE ("userprofile_id", "wordset_id"));
CREATE TABLE IF NOT EXISTS "word_todaytask" ("id" integer NOT NULL PRIMARY KEY AUTOINCREMENT, "date" date NOT NULL, "user_id" integer NOT NULL REFERENCES "word_userprofile" ("id"), "word_id" integer NOT NULL REFERENCES "word_word" ("id"), UNIQUE ("user_id", "word_id", "date"));
INSERT INTO word_todaytask VALUES(74,'2018-07-01',6,35);
INSERT INTO word_todaytask VALUES(75,'2018-07-01',6,13);
INSERT INTO word_todaytask VALUES(76,'2018-07-01',6,20);
INSERT INTO word_todaytask VALUES(77,'2018-07-01',6,31);
INSERT INTO word_todaytask VALUES(78,'2018-07-01',6,57);
INSERT INTO word_todaytask VALUES(79,'2018-07-01',6,2);
INSERT INTO word_todaytask VALUES(80,'2018-07-01',6,30);
INSERT INTO word_todaytask VALUES(81,'2018-07-01',6,21);
INSERT INTO word_todaytask VALUES(82,'2018-07-01',6,50);
INSERT INTO word_todaytask VALUES(83,'2018-07-01',6,6);
INSERT INTO word_todaytask VALUES(84,'2018-07-01',6,9);
INSERT INTO word_todaytask VALUES(85,'2018-07-01',6,8);
INSERT INTO word_todaytask VALUES(86,'2018-07-01',6,27);
INSERT INTO word_todaytask VALUES(87,'2018-07-01',6,23);
INSERT INTO word_todaytask VALUES(88,'2018-07-01',6,51);
INSERT INTO word_todaytask VALUES(89,'2018-07-01',6,24);
INSERT INTO word_todaytask VALUES(90,'2018-07-01',6,38);
INSERT INTO word_todaytask VALUES(91,'2018-07-01',6,7);
INSERT INTO word_todaytask VALUES(92,'2018-07-01',6,36);
INSERT INTO word_todaytask VALUES(94,'2018-07-01',6,14);
CREATE TABLE IF NOT EXISTS "word_paraphrase_examples" ("id" integer NOT NULL PRIMARY KEY AUTOINCREMENT, "paraphrase_id" integer NOT NULL REFERENCES "word_paraphrase" ("id"), "example_id" integer NOT NULL REFERENCES "word_example" ("id"), UNIQUE ("paraphrase_id", "example_id"));
INSERT INTO word_paraphrase_examples VALUES(7,2,3);
INSERT INTO word_paraphrase_examples VALUES(8,4,4);
INSERT INTO word_paraphrase_examples VALUES(9,5,5);
INSERT INTO word_paraphrase_examples VALUES(10,5,6);
INSERT INTO word_paraphrase_examples VALUES(11,7,7);
INSERT INTO word_paraphrase_examples VALUES(12,8,8);
INSERT INTO word_paraphrase_examples VALUES(13,9,9);
INSERT INTO word_paraphrase_examples VALUES(14,10,10);
INSERT INTO word_paraphrase_examples VALUES(15,11,11);
INSERT INTO word_paraphrase_examples VALUES(19,15,15);
INSERT INTO word_paraphrase_examples VALUES(20,16,16);
INSERT INTO word_paraphrase_examples VALUES(21,17,17);
INSERT INTO word_paraphrase_examples VALUES(22,18,18);
INSERT INTO word_paraphrase_examples VALUES(23,13,13);
INSERT INTO word_paraphrase_examples VALUES(24,14,14);
INSERT INTO word_paraphrase_examples VALUES(25,67,67);
INSERT INTO word_paraphrase_examples VALUES(26,66,66);
INSERT INTO word_paraphrase_examples VALUES(27,65,65);
INSERT INTO word_paraphrase_examples VALUES(28,64,64);
INSERT INTO word_paraphrase_examples VALUES(29,63,63);
INSERT INTO word_paraphrase_examples VALUES(30,62,62);
INSERT INTO word_paraphrase_examples VALUES(31,61,61);
INSERT INTO word_paraphrase_examples VALUES(32,60,60);
INSERT INTO word_paraphrase_examples VALUES(33,59,59);
INSERT INTO word_paraphrase_examples VALUES(34,58,58);
INSERT INTO word_paraphrase_examples VALUES(35,57,57);
INSERT INTO word_paraphrase_examples VALUES(36,56,56);
INSERT INTO word_paraphrase_examples VALUES(37,55,55);
INSERT INTO word_paraphrase_examples VALUES(38,54,54);
INSERT INTO word_paraphrase_examples VALUES(39,53,53);
INSERT INTO word_paraphrase_examples VALUES(40,52,52);
INSERT INTO word_paraphrase_examples VALUES(41,51,51);
INSERT INTO word_paraphrase_examples VALUES(42,50,50);
INSERT INTO word_paraphrase_examples VALUES(43,49,49);
INSERT INTO word_paraphrase_examples VALUES(44,48,48);
INSERT INTO word_paraphrase_examples VALUES(45,47,47);
INSERT INTO word_paraphrase_examples VALUES(46,46,46);
INSERT INTO word_paraphrase_examples VALUES(47,45,45);
INSERT INTO word_paraphrase_examples VALUES(48,44,44);
INSERT INTO word_paraphrase_examples VALUES(49,43,43);
INSERT INTO word_paraphrase_examples VALUES(50,42,42);
INSERT INTO word_paraphrase_examples VALUES(51,41,41);
INSERT INTO word_paraphrase_examples VALUES(52,40,40);
INSERT INTO word_paraphrase_examples VALUES(53,39,39);
INSERT INTO word_paraphrase_examples VALUES(54,38,38);
INSERT INTO word_paraphrase_examples VALUES(55,37,37);
INSERT INTO word_paraphrase_examples VALUES(56,36,36);
INSERT INTO word_paraphrase_examples VALUES(57,35,35);
INSERT INTO word_paraphrase_examples VALUES(58,34,34);
INSERT INTO word_paraphrase_examples VALUES(59,33,33);
INSERT INTO word_paraphrase_examples VALUES(60,12,12);
INSERT INTO word_paraphrase_examples VALUES(61,19,19);
INSERT INTO word_paraphrase_examples VALUES(62,20,20);
INSERT INTO word_paraphrase_examples VALUES(63,21,21);
INSERT INTO word_paraphrase_examples VALUES(64,22,22);
INSERT INTO word_paraphrase_examples VALUES(65,23,23);
INSERT INTO word_paraphrase_examples VALUES(66,24,24);
INSERT INTO word_paraphrase_examples VALUES(67,25,25);
INSERT INTO word_paraphrase_examples VALUES(68,26,26);
INSERT INTO word_paraphrase_examples VALUES(71,28,28);
INSERT INTO word_paraphrase_examples VALUES(72,29,28);
INSERT INTO word_paraphrase_examples VALUES(73,30,29);
INSERT INTO word_paraphrase_examples VALUES(74,31,31);
INSERT INTO word_paraphrase_examples VALUES(75,32,32);
INSERT INTO word_paraphrase_examples VALUES(76,1,66);
INSERT INTO word_paraphrase_examples VALUES(77,68,12);
CREATE TABLE IF NOT EXISTS "word_test_words" ("id" integer NOT NULL PRIMARY KEY AUTOINCREMENT, "test_id" integer NOT NULL REFERENCES "word_test" ("id"), "word_id" integer NOT NULL REFERENCES "word_word" ("id"), UNIQUE ("test_id", "word_id"));
INSERT INTO word_test_words VALUES(295,39,24);
INSERT INTO word_test_words VALUES(296,39,12);
INSERT INTO word_test_words VALUES(297,39,58);
INSERT INTO word_test_words VALUES(298,39,21);
INSERT INTO word_test_words VALUES(299,39,7);
INSERT INTO word_test_words VALUES(300,39,48);
INSERT INTO word_test_words VALUES(301,39,37);
INSERT INTO word_test_words VALUES(302,39,4);
INSERT INTO word_test_words VALUES(303,39,49);
INSERT INTO word_test_words VALUES(304,39,51);
INSERT INTO word_test_words VALUES(305,39,39);
INSERT INTO word_test_words VALUES(306,39,45);
INSERT INTO word_test_words VALUES(307,39,52);
INSERT INTO word_test_words VALUES(308,39,30);
INSERT INTO word_test_words VALUES(309,39,19);
INSERT INTO word_test_words VALUES(310,39,10);
INSERT INTO word_test_words VALUES(311,39,38);
INSERT INTO word_test_words VALUES(312,39,56);
INSERT INTO word_test_words VALUES(313,39,6);
INSERT INTO word_test_words VALUES(314,39,31);
INSERT INTO word_test_words VALUES(315,39,9);
INSERT INTO word_test_words VALUES(316,39,41);
INSERT INTO word_test_words VALUES(317,39,59);
INSERT INTO word_test_words VALUES(318,39,1);
INSERT INTO word_test_words VALUES(319,39,22);
INSERT INTO word_test_words VALUES(320,39,13);
INSERT INTO word_test_words VALUES(321,39,44);
INSERT INTO word_test_words VALUES(322,39,33);
INSERT INTO word_test_words VALUES(323,39,43);
INSERT INTO word_test_words VALUES(324,39,18);
INSERT INTO word_test_words VALUES(325,39,11);
INSERT INTO word_test_words VALUES(326,39,53);
INSERT INTO word_test_words VALUES(327,39,46);
INSERT INTO word_test_words VALUES(328,39,42);
INSERT INTO word_test_words VALUES(329,39,8);
INSERT INTO word_test_words VALUES(330,39,26);
INSERT INTO word_test_words VALUES(331,39,40);
INSERT INTO word_test_words VALUES(332,39,34);
INSERT INTO word_test_words VALUES(333,39,2);
INSERT INTO word_test_words VALUES(334,39,29);
INSERT INTO word_test_words VALUES(335,39,20);
INSERT INTO word_test_words VALUES(336,39,47);
INSERT INTO word_test_words VALUES(337,39,54);
INSERT INTO word_test_words VALUES(338,39,23);
INSERT INTO word_test_words VALUES(339,39,28);
INSERT INTO word_test_words VALUES(340,39,36);
INSERT INTO word_test_words VALUES(341,39,15);
INSERT INTO word_test_words VALUES(342,39,16);
INSERT INTO word_test_words VALUES(343,39,50);
INSERT INTO word_test_words VALUES(344,39,60);
INSERT INTO word_test_words VALUES(345,40,29);
INSERT INTO word_test_words VALUES(346,40,19);
INSERT INTO word_test_words VALUES(347,40,26);
INSERT INTO word_test_words VALUES(348,40,32);
INSERT INTO word_test_words VALUES(349,40,37);
INSERT INTO word_test_words VALUES(350,40,17);
INSERT INTO word_test_words VALUES(351,40,38);
INSERT INTO word_test_words VALUES(352,40,55);
INSERT INTO word_test_words VALUES(353,40,8);
INSERT INTO word_test_words VALUES(354,40,21);
INSERT INTO word_test_words VALUES(355,40,60);
INSERT INTO word_test_words VALUES(356,40,31);
INSERT INTO word_test_words VALUES(357,40,40);
INSERT INTO word_test_words VALUES(358,40,43);
INSERT INTO word_test_words VALUES(359,40,16);
INSERT INTO word_test_words VALUES(360,40,35);
INSERT INTO word_test_words VALUES(361,40,49);
INSERT INTO word_test_words VALUES(362,40,36);
INSERT INTO word_test_words VALUES(363,40,7);
INSERT INTO word_test_words VALUES(364,40,33);
INSERT INTO word_test_words VALUES(365,40,28);
INSERT INTO word_test_words VALUES(366,40,27);
INSERT INTO word_test_words VALUES(367,40,3);
INSERT INTO word_test_words VALUES(368,40,51);
INSERT INTO word_test_words VALUES(369,40,54);
INSERT INTO word_test_words VALUES(370,40,24);
INSERT INTO word_test_words VALUES(371,40,25);
INSERT INTO word_test_words VALUES(372,40,22);
INSERT INTO word_test_words VALUES(373,40,4);
INSERT INTO word_test_words VALUES(374,40,53);
INSERT INTO word_test_words VALUES(375,40,6);
INSERT INTO word_test_words VALUES(376,40,45);
INSERT INTO word_test_words VALUES(377,40,47);
INSERT INTO word_test_words VALUES(378,40,14);
INSERT INTO word_test_words VALUES(379,40,59);
INSERT INTO word_test_words VALUES(380,40,42);
INSERT INTO word_test_words VALUES(381,40,9);
INSERT INTO word_test_words VALUES(382,40,41);
INSERT INTO word_test_words VALUES(383,40,57);
INSERT INTO word_test_words VALUES(384,40,48);
INSERT INTO word_test_words VALUES(385,40,20);
INSERT INTO word_test_words VALUES(386,40,11);
INSERT INTO word_test_words VALUES(387,40,15);
INSERT INTO word_test_words VALUES(388,40,30);
INSERT INTO word_test_words VALUES(389,40,18);
INSERT INTO word_test_words VALUES(390,40,23);
INSERT INTO word_test_words VALUES(391,40,2);
INSERT INTO word_test_words VALUES(392,40,12);
INSERT INTO word_test_words VALUES(393,40,1);
INSERT INTO word_test_words VALUES(394,40,50);
INSERT INTO word_test_words VALUES(395,41,39);
INSERT INTO word_test_words VALUES(396,41,38);
INSERT INTO word_test_words VALUES(397,41,33);
INSERT INTO word_test_words VALUES(398,41,21);
INSERT INTO word_test_words VALUES(399,41,27);
INSERT INTO word_test_words VALUES(400,41,54);
INSERT INTO word_test_words VALUES(401,41,36);
INSERT INTO word_test_words VALUES(402,41,59);
INSERT INTO word_test_words VALUES(403,41,30);
INSERT INTO word_test_words VALUES(404,41,1);
INSERT INTO word_test_words VALUES(405,41,52);
INSERT INTO word_test_words VALUES(406,41,48);
INSERT INTO word_test_words VALUES(407,41,46);
INSERT INTO word_test_words VALUES(408,41,3);
INSERT INTO word_test_words VALUES(409,41,58);
INSERT INTO word_test_words VALUES(410,41,35);
INSERT INTO word_test_words VALUES(411,41,26);
INSERT INTO word_test_words VALUES(412,41,51);
INSERT INTO word_test_words VALUES(413,41,4);
INSERT INTO word_test_words VALUES(414,41,50);
INSERT INTO word_test_words VALUES(415,41,10);
INSERT INTO word_test_words VALUES(416,41,5);
INSERT INTO word_test_words VALUES(417,41,29);
INSERT INTO word_test_words VALUES(418,41,18);
INSERT INTO word_test_words VALUES(419,41,15);
INSERT INTO word_test_words VALUES(420,41,25);
INSERT INTO word_test_words VALUES(421,41,49);
INSERT INTO word_test_words VALUES(422,41,44);
INSERT INTO word_test_words VALUES(423,41,12);
INSERT INTO word_test_words VALUES(424,41,37);
INSERT INTO word_test_words VALUES(425,41,55);
INSERT INTO word_test_words VALUES(426,41,17);
INSERT INTO word_test_words VALUES(427,41,40);
INSERT INTO word_test_words VALUES(428,41,7);
INSERT INTO word_test_words VALUES(429,41,13);
INSERT INTO word_test_words VALUES(430,41,22);
INSERT INTO word_test_words VALUES(431,41,32);
INSERT INTO word_test_words VALUES(432,41,20);
INSERT INTO word_test_words VALUES(433,41,42);
INSERT INTO word_test_words VALUES(434,41,28);
INSERT INTO word_test_words VALUES(435,41,11);
INSERT INTO word_test_words VALUES(436,41,23);
INSERT INTO word_test_words VALUES(437,41,9);
INSERT INTO word_test_words VALUES(438,41,8);
INSERT INTO word_test_words VALUES(439,41,24);
INSERT INTO word_test_words VALUES(440,41,57);
INSERT INTO word_test_words VALUES(441,41,19);
INSERT INTO word_test_words VALUES(442,41,34);
INSERT INTO word_test_words VALUES(443,41,16);
INSERT INTO word_test_words VALUES(444,41,2);
CREATE TABLE IF NOT EXISTS "word_test" ("id" integer NOT NULL PRIMARY KEY AUTOINCREMENT, "grade" integer NOT NULL, "user_id" integer NOT NULL REFERENCES "word_userprofile" ("id"), "complete" integer NOT NULL);
INSERT INTO word_test VALUES(39,15,6,50);
INSERT INTO word_test VALUES(40,13,6,50);
INSERT INTO word_test VALUES(41,0,6,0);
CREATE TABLE IF NOT EXISTS "word_userprofile" ("id" integer NOT NULL PRIMARY KEY AUTOINCREMENT, "password" varchar(128) NOT NULL, "last_login" datetime NULL, "is_superuser" bool NOT NULL, "username" varchar(30) NOT NULL UNIQUE, "first_name" varchar(30) NOT NULL, "last_name" varchar(30) NOT NULL, "email" varchar(254) NOT NULL, "is_staff" bool NOT NULL, "is_active" bool NOT NULL, "date_joined" datetime NOT NULL, "word_per_day" integer unsigned NOT NULL, "learning_word_set_id" integer NULL REFERENCES "word_wordset" ("id"));
INSERT INTO word_userprofile VALUES(6,'pbkdf2_sha256$20000$vuXn45nsIMLQ$9PhZUNgcgE639HU7usQRrnLHPaNrh/yhZjWdMPG2dC0=','2018-07-01 12:37:46.855066',1,'kathyf','','','wmiao018@163.com',1,1,'2018-07-01 05:25:00',20,4);
INSERT INTO word_userprofile VALUES(7,'pbkdf2_sha256$20000$fx9hM0LfmOt9$DErZdBwhgdKrCumEpy1nW5uJ1LDecxXfgzI0QdAQ4ZE=','2018-07-01 09:16:27.948296',0,'kath','','','kathyf@126.com',0,1,'2018-07-01 09:16:09.630362',50,NULL);
DELETE FROM sqlite_sequence;
INSERT INTO sqlite_sequence VALUES('django_migrations',22);
INSERT INTO sqlite_sequence VALUES('django_content_type',13);
INSERT INTO sqlite_sequence VALUES('auth_permission',39);
INSERT INTO sqlite_sequence VALUES('word_learn',91);
INSERT INTO sqlite_sequence VALUES('word_word',60);
INSERT INTO sqlite_sequence VALUES('word_paraphrase',68);
INSERT INTO sqlite_sequence VALUES('django_admin_log',280);
INSERT INTO sqlite_sequence VALUES('word_userprofile_my_words',273);
INSERT INTO sqlite_sequence VALUES('word_userprofile_word_sets',0);
INSERT INTO sqlite_sequence VALUES('word_todaytask',94);
INSERT INTO sqlite_sequence VALUES('word_paraphrase_examples',77);
INSERT INTO sqlite_sequence VALUES('word_example',67);
INSERT INTO sqlite_sequence VALUES('word_test_words',444);
INSERT INTO sqlite_sequence VALUES('word_test',41);
INSERT INTO sqlite_sequence VALUES('word_wordset',6);
INSERT INTO sqlite_sequence VALUES('word_wordset_words',255);
INSERT INTO sqlite_sequence VALUES('word_userprofile',7);
CREATE INDEX "auth_group_permissions_0e939a4f" ON "auth_group_permissions" ("group_id");
CREATE INDEX "auth_group_permissions_8373b171" ON "auth_group_permissions" ("permission_id");
CREATE INDEX "auth_permission_417f1b1c" ON "auth_permission" ("content_type_id");
CREATE INDEX "word_userprofile_groups_9c2a73e9" ON "word_userprofile_groups" ("userprofile_id");
CREATE INDEX "word_userprofile_groups_0e939a4f" ON "word_userprofile_groups" ("group_id");
CREATE INDEX "word_wordset_words_0a5b1a08" ON "word_wordset_words" ("wordset_id");
CREATE INDEX "word_wordset_words_83ca49d0" ON "word_wordset_words" ("word_id");
CREATE INDEX "word_userprofile_user_permissions_9c2a73e9" ON "word_userprofile_user_permissions" ("userprofile_id");
CREATE INDEX "word_userprofile_user_permissions_8373b171" ON "word_userprofile_user_permissions" ("permission_id");
CREATE INDEX "word_learn_e8701ad4" ON "word_learn" ("user_id");
CREATE INDEX "word_learn_83ca49d0" ON "word_learn" ("word_id");
CREATE INDEX "django_admin_log_417f1b1c" ON "django_admin_log" ("content_type_id");
CREATE INDEX "django_admin_log_e8701ad4" ON "django_admin_log" ("user_id");
CREATE INDEX "django_session_de54fa62" ON "django_session" ("expire_date");
CREATE INDEX "word_paraphrase_83ca49d0" ON "word_paraphrase" ("word_id");
CREATE INDEX "word_userprofile_my_words_9c2a73e9" ON "word_userprofile_my_words" ("userprofile_id");
CREATE INDEX "word_userprofile_my_words_83ca49d0" ON "word_userprofile_my_words" ("word_id");
CREATE INDEX "word_userprofile_word_sets_9c2a73e9" ON "word_userprofile_word_sets" ("userprofile_id");
CREATE INDEX "word_userprofile_word_sets_0a5b1a08" ON "word_userprofile_word_sets" ("wordset_id");
CREATE INDEX "word_todaytask_e8701ad4" ON "word_todaytask" ("user_id");
CREATE INDEX "word_todaytask_83ca49d0" ON "word_todaytask" ("word_id");
CREATE INDEX "word_paraphrase_examples_42a705df" ON "word_paraphrase_examples" ("paraphrase_id");
CREATE INDEX "word_paraphrase_examples_7cbe8070" ON "word_paraphrase_examples" ("example_id");
CREATE INDEX "word_test_words_2e06cda4" ON "word_test_words" ("test_id");
CREATE INDEX "word_test_words_83ca49d0" ON "word_test_words" ("word_id");
CREATE INDEX "word_test_e8701ad4" ON "word_test" ("user_id");
CREATE INDEX "word_userprofile_876b1acd" ON "word_userprofile" ("learning_word_set_id");
COMMIT;
